{
  "categories": [
    {
      "slug": "biotech",
      "title": "Biotech",
      "description": "Automation for labs and research"
    },
    {
      "slug": "agriculture",
      "title": "Agriculture",
      "description": "Smart farm automation"
    },
    {
      "slug": "industrial",
      "title": "Industrial",
      "description": "Factory & process automation"
    },
    {
      "slug": "home-automation",
      "title": "Home Automation",
      "description": "Smart home systems"
    }
  ],
  "products": [
    {
      "slug": "dims",
      "category": "biotech",
      "title": "Drug Inventory Management System (DIMS)",
      "short": "Track inventory, temps, and expiries with IoT-backed alerts.",
      "features": [
        "IoT temp",
        "Barcode",
        "Stock alerts"
      ]
    },
    {
      "slug": "photobioreactor",
      "category": "biotech",
      "title": "Automated Photobioreactor",
      "short": "Control pH, temp, light for cultures."
    },
    {
      "slug": "laminar-flow",
      "category": "biotech",
      "title": "Laminar Flow Automation",
      "short": "Controlled airflow and UV sterilization."
    },
    {
      "slug": "bottle-washer",
      "category": "biotech",
      "title": "Smart Bottle Washer",
      "short": "Automated cleaning for labware."
    },
    {
      "slug": "smart-irrigation",
      "category": "agriculture",
      "title": "Smart Irrigation Controller",
      "short": "Soil-moisture-based irrigation."
    },
    {
      "slug": "greenhouse",
      "category": "agriculture",
      "title": "Greenhouse Environment Monitor",
      "short": "Monitor humidity, temperature, light."
    },
    {
      "slug": "energy-monitor",
      "category": "industrial",
      "title": "Energy Monitoring System",
      "short": "Dashboard for energy usage."
    },
    {
      "slug": "predictive-maintenance",
      "category": "industrial",
      "title": "Predictive Maintenance System",
      "short": "Monitor motors, vibration, and temp."
    },
    {
      "slug": "smart-lighting",
      "category": "home-automation",
      "title": "Smart Lighting System",
      "short": "App/voice-controlled lighting."
    },
    {
      "slug": "smart-hvac",
      "category": "home-automation",
      "title": "Smart HVAC Controller",
      "short": "Monitor and adjust room climate."
    }
  ]
}